Name,ects-completed,avg-grade
Emeriss,73.33333333333333,6.0
Alexstrasza,53.333333333333336,5.6
Sindragosa,46.666666666666664,8.0
